-- Canonical seed dataset shared by every oracle variant. We insert explicit
-- IDs; the IDENTITY's internal sequence auto-aligns under
-- `GENERATED BY DEFAULT ON NULL`.

INSERT INTO "organization" (id, name, "plan", verified) VALUES (1, 'Acme Corp', 'pro',  'Y');
INSERT INTO "organization" (id, name, "plan", verified) VALUES (2, 'Globex Ltd', 'free', 'N');

INSERT INTO app_user (id, email, full_name, verified) VALUES (1, 'ada@acme.test',    'Ada Lovelace', 'Y');
INSERT INTO app_user (id, email, full_name, verified) VALUES (2, 'grace@acme.test',  'Grace Hopper', 'Y');
INSERT INTO app_user (id, email, full_name, verified) VALUES (3, 'alan@globex.test', 'Alan Turing',  'N');

INSERT INTO project (id, organization_id, name, slug, published) VALUES (1, 1, 'Marketing site',  'mktg-site',  't');
INSERT INTO project (id, organization_id, name, slug, published) VALUES (2, 1, 'Internal tools',  'tools',      'f');
INSERT INTO project (id, organization_id, name, slug, published) VALUES (3, 2, 'Public API',      'public-api', 't');
INSERT INTO project (id, organization_id, name, slug, published, archived_at) VALUES (4, 2, 'Legacy app', 'legacy', 'f', CURRENT_TIMESTAMP);

-- Issues 1 and 2 carry a uuid `external_ref`; 3 and 4 leave it NULL. The
-- column is RAW(16), so the seed stores the uuid via UUID_TO_RAW — the same
-- built-in the default uuid strategy uses (RAW_TO_UUID reads it back). Both
-- values are UUID v4, which UUID_TO_RAW requires. The two uuids differ in
-- every substring the insensitive-`like` tests probe and neither contains the
-- `abc` token the dynamic-condition tests filter on.
INSERT INTO issue (id, project_id, "number", title, "body", status, priority, assignee_id, external_ref) VALUES
    (1, 1, 1, 'Update hero copy',     NULL,            'open',        2, 1,    UUID_TO_RAW('0a8f9c1e-1111-4222-8333-444455556666'));
INSERT INTO issue (id, project_id, "number", title, "body", status, priority, assignee_id, external_ref) VALUES
    (2, 1, 2, 'Redesign navbar',      'Use new tokens', 'in_progress', 1, 2,   UUID_TO_RAW('7b3e9d20-2222-4c55-9b66-dddd00009999'));
INSERT INTO issue (id, project_id, "number", title, "body", status, priority, assignee_id) VALUES
    (3, 2, 1, 'Migrate to ESM',       NULL,            'open',        3, NULL);
INSERT INTO issue (id, project_id, "number", title, "body", status, priority, assignee_id) VALUES
    (4, 3, 1, 'Document /v2/users',   'See ADR-014',   'closed',      2, 3);

INSERT INTO country (code, name, region) VALUES ('US', 'United States',  'Americas');
INSERT INTO country (code, name, region) VALUES ('GB', 'United Kingdom', 'Europe');
INSERT INTO country (code, name, region) VALUES ('JP', 'Japan',          'Asia');

INSERT INTO issue_worklog (id, issue_id, work_date, started_at, minutes, duration_ms, billable, activity, approved, billed_amount, invoiced, cost_cents) VALUES
    (1, 1, DATE '2024-03-04', TIMESTAMP '1970-01-01 09:15:00', 90, 5400000, 1, 'coding', 'A', 200, 1, 100);
INSERT INTO issue_worklog (id, issue_id, work_date, started_at, minutes, duration_ms, billable, activity, approved, billed_amount, invoiced, cost_cents) VALUES
    (2, 2, DATE '2024-03-05', TIMESTAMP '1970-01-01 14:00:00', NULL, NULL, 0, 'review', 'R', 50, 0, 100);
INSERT INTO issue_worklog (id, issue_id, work_date, started_at, minutes, duration_ms, billable, activity, approved, billed_amount, invoiced, cost_cents) VALUES
    (3, 1, DATE '2024-03-06', TIMESTAMP '1970-01-01 10:30:00', 30, 1800000, NULL, 'meeting', NULL, 200, 1, 400);

INSERT INTO project_release (id, project_id, version, channel, signing_key, released_on, cutoff_time, signed_off_at) VALUES
    (1, 1, '1.2.0', 'stable', UUID_TO_RAW('0a8f9c1e-1111-4222-8333-444455556666'), DATE '2024-01-15', TIMESTAMP '1970-01-01 17:00:00', TIMESTAMP '2024-01-14 12:30:00');
INSERT INTO project_release (id, project_id, version, channel, signing_key, released_on, cutoff_time, signed_off_at) VALUES
    (2, 1, '1.3.0-beta.1', 'beta', NULL, DATE '2024-02-20', TIMESTAMP '1970-01-01 18:30:00', NULL);
INSERT INTO project_release (id, project_id, version, channel, signing_key, released_on, cutoff_time, signed_off_at) VALUES
    (3, 2, '0.9.0', 'canary', UUID_TO_RAW('7b3e9d20-2222-4c55-9b66-dddd00009999'), DATE '2024-03-01', TIMESTAMP '1970-01-01 16:00:00', TIMESTAMP '2024-02-28 09:00:00');

-- Realign the identity sequences past the manually-set IDs.
ALTER TABLE "organization" MODIFY (id GENERATED BY DEFAULT ON NULL AS IDENTITY START WITH LIMIT VALUE);
ALTER TABLE app_user MODIFY (id GENERATED BY DEFAULT ON NULL AS IDENTITY START WITH LIMIT VALUE);
ALTER TABLE project MODIFY (id GENERATED BY DEFAULT ON NULL AS IDENTITY START WITH LIMIT VALUE);
ALTER TABLE issue MODIFY (id GENERATED BY DEFAULT ON NULL AS IDENTITY START WITH LIMIT VALUE);
ALTER TABLE issue_worklog MODIFY (id GENERATED BY DEFAULT ON NULL AS IDENTITY START WITH LIMIT VALUE);
ALTER TABLE project_release MODIFY (id GENERATED BY DEFAULT ON NULL AS IDENTITY START WITH LIMIT VALUE);

INSERT INTO webhook_event (issue_id, event_type) VALUES (1, 'created');
INSERT INTO webhook_event (issue_id, event_type) VALUES (2, 'updated');
INSERT INTO calendar_year (year_value, year_label) VALUES (2023, 'FY2023');
INSERT INTO calendar_year (year_value, year_label) VALUES (2024, 'FY2024');
